id,title,text,image_path,upvotes,created_utc,subreddit,url,full_text,clean_text,valid_image,popularity_target,topic,num_objects,has_person,has_cat,has_dog,has_car,has_food
1l0n4qj,"Strong glance in blue, Romain Eugene, Oils, 2025",,images\1l0n4qj.jpg,609,2025-06-01T11:54:01+00:00,Art,https://i.redd.it/r2f08uf81b4f1.jpeg,"Strong glance in blue, Romain Eugene, Oils, 2025 ",strong glance blue romain eugene oils,True,1,art,2,1,0,0,0,0
1l0og4f,"Szarik, NuCatArt (my wife), acrylic painting on canvas gold plated, 2025",,images\1l0og4f.jpg,77,2025-06-01T13:02:44+00:00,Art,https://i.redd.it/qi5ut4mldb4f1.jpeg,"Szarik, NuCatArt (my wife), acrylic painting on canvas gold plated, 2025 ",szarik nucatart wife acrylic painting canvas gold plated,True,0,art,1,0,0,1,0,0
1l0o7fo,"Bondi Beach, Sally West, Oil on Canvas, 2024",,images\1l0o7fo.jpg,73,2025-06-01T12:50:58+00:00,Art,https://i.redd.it/hxta850ibb4f1.jpeg,"Bondi Beach, Sally West, Oil on Canvas, 2024 ",bondi beach sally west oil canvas,True,0,art,2,0,0,0,0,0
1l0ol4v,"Pri-demon-th 2025, babbittybabbitt, Copic, 2025",,images\1l0ol4v.jpg,67,2025-06-01T13:09:36+00:00,Art,https://i.redd.it/t3dmgyxteb4f1.png,"Pri-demon-th 2025, babbittybabbitt, Copic, 2025 ",pridemonth babbittybabbitt copic,True,0,art,2,0,0,0,0,0
1l0j3ca,"Old Money Girl IV, Sculptylife, digital print, 2025",,images\1l0j3ca.jpg,149,2025-06-01T07:26:42+00:00,Art,https://i.redd.it/7ss3mx8np94f1.jpeg,"Old Money Girl IV, Sculptylife, digital print, 2025 ",old money girl iv sculptylife digital print,True,1,art,1,0,0,0,0,0
1l0k7x7,"Genderfluidity, SacredSapling (Me), Watercolor, 2022",,images\1l0k7x7.jpg,115,2025-06-01T08:43:45+00:00,Art,https://i.redd.it/uvjtzuce3a4f1.jpeg,"Genderfluidity, SacredSapling (Me), Watercolor, 2022 ",genderfluidity sacredsapling watercolor,True,1,art,1,1,0,0,0,0
1l05xn9,"Friendship, Elliot Chance Art, watercolor, 2025",,images\1l05xn9.jpg,661,2025-05-31T19:52:29+00:00,Art,https://i.redd.it/9crkb2es964f1.jpeg,"Friendship, Elliot Chance Art, watercolor, 2025 ",friendship elliot chance art watercolor,True,1,art,2,0,0,0,0,0
1l0le3b,"Flowers, jmeredith, acrylic, 2025",,images\1l0le3b.jpg,47,2025-06-01T10:04:44+00:00,Art,https://i.redd.it/p9aza7iuha4f1.jpeg,"Flowers, jmeredith, acrylic, 2025 ",flowers jmeredith acrylic,True,0,art,2,0,0,0,0,0
1l0ovu1,"Mljet, Alexxaa (Me), Soft Pastels, 2025",,images\1l0ovu1.jpg,22,2025-06-01T13:24:08+00:00,Art,https://i.redd.it/mxqlik6fhb4f1.jpeg,"Mljet, Alexxaa (Me), Soft Pastels, 2025 ",mljet alexxaa soft pastels,True,0,art,2,0,0,0,0,0
1l0p1ux,"Phasora, Nick Bultman (me), acrylic on canvas, 2025",,images\1l0p1ux.jpg,19,2025-06-01T13:32:13+00:00,Art,https://i.redd.it/96v9m7jtib4f1.jpeg,"Phasora, Nick Bultman (me), acrylic on canvas, 2025 ",phasora nick bultman acrylic canvas,True,0,art,1,0,0,0,0,0
1l07nma,"Crow in the rain, u/jimmith, acrylic on canvas, 2025",,images\1l07nma.jpg,387,2025-05-31T21:08:52+00:00,Art,https://i.redd.it/1cor999fn64f1.jpeg,"Crow in the rain, u/jimmith, acrylic on canvas, 2025 ",crow rain ujimmith acrylic canvas,True,1,art,1,0,0,0,0,0
1l0l2vz,"Vulture chick, u/Ivoga, grpahite, 2025",,images\1l0l2vz.jpg,37,2025-06-01T09:43:36+00:00,Art,https://i.redd.it/gqjb2nh2ea4f1.png,"Vulture chick, u/Ivoga, grpahite, 2025 ",vulture chick uivoga grpahite,True,0,art,1,0,0,1,0,0
1l0foaj,"Evening Shadows, u/ekgreen, oil paint, 2025",,images\1l0foaj.jpg,94,2025-06-01T03:54:22+00:00,Art,https://i.redd.it/xhtladmrn84f1.jpeg,"Evening Shadows, u/ekgreen, oil paint, 2025 ",evening shadows uekgreen oil paint,True,1,art,0,0,0,0,0,0
1l06op9,"Perfectly beach blue, Iluvfrieswithmustard, digital stipple, 2025",,images\1l06op9.jpg,343,2025-05-31T20:25:50+00:00,Art,https://i.redd.it/6fn25hxqf64f1.png,"Perfectly beach blue, Iluvfrieswithmustard, digital stipple, 2025 ",perfectly beach blue iluvfrieswithmustard digital stipple,True,1,art,1,1,0,0,0,0
1l0jhg8,"90s Toys, MrBrabbel (me), Pencils and Markers, 2025",,images\1l0jhg8.jpg,39,2025-06-01T07:53:12+00:00,Art,https://i.redd.it/05bmlkqdu94f1.jpeg,"90s Toys, MrBrabbel (me), Pencils and Markers, 2025 ",toys mrbrabbel pencils markers,True,0,art,0,0,0,0,0,0
1l0n3zv,"Arrowed Soul, Anastasia(me), Pen,2025",,images\1l0n3zv.jpg,17,2025-06-01T11:52:54+00:00,Art,https://i.redd.it/ybumvrs41b4f1.jpeg,"Arrowed Soul, Anastasia(me), Pen,2025 ",arrowed soul anastasiame pen,True,0,art,2,0,0,0,0,0
1l0c80c,"The Sunny Glade, Myriyevskyy ( me ), oil, 2025",,images\1l0c80c.jpg,118,2025-06-01T00:45:32+00:00,Art,https://i.redd.it/63euy531q74f1.jpeg,"The Sunny Glade, Myriyevskyy ( me ), oil, 2025 ",sunny glade myriyevskyy oil,True,1,art,0,0,0,0,0,0
1l0itgn,"Cube holds, James Taylor, Climbing Holds, 2025",,images\1l0itgn.jpg,34,2025-06-01T07:08:28+00:00,Art,https://i.redd.it/ikfwwibem94f1.jpeg,"Cube holds, James Taylor, Climbing Holds, 2025 ",cube holds james taylor climbing holds,True,0,art,1,0,0,0,0,0
1l0ma3w,"New Still Life, Staats Fasoldt, Watercolor, 2025",,images\1l0ma3w.jpg,18,2025-06-01T11:02:47+00:00,Art,https://i.redd.it/1rnpfxd6sa4f1.jpeg,"New Still Life, Staats Fasoldt, Watercolor, 2025 ",new still life staats fasoldt watercolor,True,0,art,2,0,0,0,0,0
1l0bgd8,"Cat Dip, Vallancet, Acrylics, 2025",,images\1l0bgd8.jpg,95,2025-06-01T00:05:24+00:00,Art,https://i.redd.it/jkbre71wi74f1.jpeg,"Cat Dip, Vallancet, Acrylics, 2025 ",cat dip vallancet acrylics,True,1,art,1,0,0,0,0,0
1l0pmr6,"Return to Monkey: Brush of fears, Jerdor/me, Acrylics,  2024",,images\1l0pmr6.jpg,7,2025-06-01T13:59:30+00:00,Art,https://i.redd.it/ud6dj9cqnb4f1.jpeg,"Return to Monkey: Brush of fears, Jerdor/me, Acrylics,  2024 ",return monkey brush fears jerdorme acrylics,True,0,art,5,1,0,0,0,0
1l084kw,"Sushi time, Anna, watercolor, 2025",,images\1l084kw.jpg,128,2025-05-31T21:30:15+00:00,Art,https://i.redd.it/mky9jd98r64f1.jpeg,"Sushi time, Anna, watercolor, 2025 ",sushi time anna watercolor,True,1,art,7,0,0,0,0,1
1l0oozg,"Morning Lake, Joel G, Digital, 2025",,images\1l0oozg.jpg,7,2025-06-01T13:14:50+00:00,Art,https://i.redd.it/puuvzlqpfb4f1.png,"Morning Lake, Joel G, Digital, 2025 ",morning lake joel g digital,True,0,art,0,0,0,0,0,0
1l0ngv2,"Dragon Savior, Alexandre Vieira (Me), Digital (Photoshop), 2025",,images\1l0ngv2.jpg,8,2025-06-01T12:12:30+00:00,Art,https://i.redd.it/vf8k51r94b4f1.png,"Dragon Savior, Alexandre Vieira (Me), Digital (Photoshop), 2025 ",dragon savior alexandre vieira digital photoshop,True,0,art,0,0,0,0,0,0
1l0jjph,"Singing girl, Wndering (Me), Color and lead pencil, 2025",,images\1l0jjph.jpg,15,2025-06-01T07:57:38+00:00,Art,https://i.redd.it/oh53xf36v94f1.jpeg,"Singing girl, Wndering (Me), Color and lead pencil, 2025 ",singing girl wndering color lead pencil,True,0,art,2,1,0,0,0,0
1l0ac5i,"it's just a dream, krabonszcz(me), digital, 2023",,images\1l0ac5i.jpg,70,2025-05-31T23:11:46+00:00,Art,https://i.redd.it/ia15q28b974f1.jpeg,"it's just a dream, krabonszcz(me), digital, 2023 ",dream krabonszczme digital,True,0,art,0,0,0,0,0,0
1kzuk3f,"School Zone, Chelsea Corinne Art (me), acrylic, 2025",,images\1kzuk3f.jpg,631,2025-05-31T11:10:02+00:00,Art,https://i.redd.it/wsmwzl3lo34f1.jpeg,"School Zone, Chelsea Corinne Art (me), acrylic, 2025 ",school zone chelsea corinne art acrylic,True,1,art,0,0,0,0,0,0
1l0irxu,"Plants, digital, yallboots, 2025",,images\1l0irxu.jpg,16,2025-06-01T07:05:38+00:00,Art,https://i.redd.it/vhu89e0wl94f1.jpeg,"Plants, digital, yallboots, 2025 ",plants digital yallboots,True,0,art,0,0,0,0,0,0
1l0fwv0,"Self Portrait in Color, CarelessCake, acrylic on canvas,2025",,images\1l0fwv0.jpg,24,2025-06-01T04:07:25+00:00,Art,https://i.redd.it/ot3jirl3q84f1.jpeg,"Self Portrait in Color, CarelessCake, acrylic on canvas,2025 ",self portrait color carelesscake acrylic canvas,True,0,art,0,0,0,0,0,0
1l0jh9v,"Choked, SkriBIstof, graphite, 2024",,images\1l0jh9v.jpg,13,2025-06-01T07:52:53+00:00,Art,https://i.redd.it/zq1zfapbu94f1.jpeg,"Choked, SkriBIstof, graphite, 2024 ",choked skribistof graphite,True,0,art,1,1,0,0,0,0
1l0mlgp,"Hanging on by a thread, TG, Multimedia, 2025",,images\1l0mlgp.jpg,6,2025-06-01T11:22:00+00:00,Art,https://i.redd.it/peliv3hiva4f1.png,"Hanging on by a thread, TG, Multimedia, 2025 ",hanging thread tg multimedia,True,0,art,2,0,0,0,0,0
1l0isif,"Crossroads, alina_draws02, Gouache, 2025",,images\1l0isif.jpg,13,2025-06-01T07:06:41+00:00,Art,https://i.redd.it/3oxgx9d2m94f1.jpeg,"Crossroads, alina_draws02, Gouache, 2025 ",crossroads alina_draws gouache,True,0,art,0,0,0,0,0,0
1l0ib9d,"Egobaby, me(wholesome_gunter), coloured pencil on paper, 2025",,images\1l0ib9d.jpg,12,2025-06-01T06:35:14+00:00,Art,https://i.redd.it/d13i8dsgg94f1.png,"Egobaby, me(wholesome_gunter), coloured pencil on paper, 2025 ",egobaby mewholesome_gunter coloured pencil paper,True,0,art,0,0,0,0,0,0
1l0efe3,"Bearded Dragon, Lifrasir (me), ink, 2025",,images\1l0efe3.jpg,25,2025-06-01T02:45:51+00:00,Art,https://i.redd.it/o5i6zumjb84f1.jpeg,"Bearded Dragon, Lifrasir (me), ink, 2025 ",bearded dragon lifrasir ink,True,0,art,0,0,0,0,0,0
1kzyjbf,"Two Octopi, John Singer Sargent, Oil on canvas, 1875",,images\1kzyjbf.jpg,236,2025-05-31T14:34:48+00:00,Art,https://i.redd.it/61bitv84p44f1.jpeg,"Two Octopi, John Singer Sargent, Oil on canvas, 1875 ",two octopi john singer sargent oil canvas,True,1,art,1,0,0,0,0,1
1l04b1v,"Sully, Dimitri Sirenko, Acrylic Painting, 2025",,images\1l04b1v.jpg,106,2025-05-31T18:40:46+00:00,Art,https://i.redd.it/gkroq830x54f1.jpeg,"Sully, Dimitri Sirenko, Acrylic Painting, 2025 ",sully dimitri sirenko acrylic painting,True,1,art,2,0,0,1,0,0
1l04a5x,"Duality, Me (HereWhitMyBike), Digital, 2025",,images\1l04a5x.jpg,93,2025-05-31T18:39:44+00:00,Art,https://i.redd.it/38y1rfanw54f1.jpeg,"Duality, Me (HereWhitMyBike), Digital, 2025 ",duality herewhitmybike digital,True,1,art,1,1,0,0,0,0
1l0r3bl,"Cambria, Kim Farbota, Acrylic, 2024",,images\1l0r3bl.jpg,2,2025-06-01T15:03:34+00:00,Art,https://i.redd.it/n9x04t55zb4f1.jpeg,"Cambria, Kim Farbota, Acrylic, 2024 ",cambria kim farbota acrylic,True,0,art,1,0,0,0,0,0
1l0mewq,"Untitled, Maya Song (me), acrylic on unstretched canvas, 2025",,images\1l0mewq.jpg,4,2025-06-01T11:10:55+00:00,Art,https://i.redd.it/jgv3llknta4f1.jpeg,"Untitled, Maya Song (me), acrylic on unstretched canvas, 2025 ",untitled maya song acrylic unstretched canvas,True,0,art,2,0,0,0,0,0
1l0qujq,"Key chain, Sebastian(me), ink,2025",,images\1l0qujq.jpg,2,2025-06-01T14:53:26+00:00,Art,https://i.redd.it/6jcgmwqcxb4f1.jpeg,"Key chain, Sebastian(me), ink,2025 ",key chain sebastianme ink,True,0,art,0,0,0,0,0,0
1l0d5le,"Horse Portrait, Jes Dickerson, colored pencil, 2025",,images\1l0d5le.jpg,21,2025-06-01T01:35:53+00:00,Art,https://i.redd.it/j8pgivc2z74f1.jpeg,"Horse Portrait, Jes Dickerson, colored pencil, 2025 ",horse portrait jes dickerson colored pencil,True,0,art,1,0,0,0,0,0
1l04bjz,"Inside the Front Entrance, Alexey Mikulin, plasticine, cardboard, 25x17,4x17 cm, 2025",,images\1l04bjz.jpg,79,2025-05-31T18:41:24+00:00,Art,https://i.redd.it/zjn6pzo3x54f1.jpeg,"Inside the Front Entrance, Alexey Mikulin, plasticine, cardboard, 25x17,4x17 cm, 2025 ",inside front entrance alexey mikulin plasticine cardboard xx cm,True,0,art,1,0,0,0,0,0
1kzjnx4,"Blue Water Gun, WMACKO (me), Colored Pencil, 2025",,images\1kzjnx4.jpg,2278,2025-05-31T00:11:18+00:00,Art,https://i.redd.it/oxb9yku0f04f1.jpeg,"Blue Water Gun, WMACKO (me), Colored Pencil, 2025 ",blue water gun wmacko colored pencil,True,1,art,1,0,0,0,0,0
1l0a8ng,"Spring Landscape (V√•rlandskap), Ida Gisiko-Sp√§rck, Oil on canvas, 1887",,images\1l0a8ng.jpg,33,2025-05-31T23:07:11+00:00,Art,https://i.redd.it/jrpnc98j874f1.png,"Spring Landscape (V√•rlandskap), Ida Gisiko-Sp√§rck, Oil on canvas, 1887 ",spring landscape v√•rlandskap ida gisikosp√§rck oil canvas,True,0,art,1,1,0,0,0,0
1l0fqt8,"Desert Blooms, by MindSprung, Acrylic on Canvas, 2025",,images\1l0fqt8.jpg,12,2025-06-01T03:58:30+00:00,Art,https://i.redd.it/zzlr9g8io84f1.jpeg,"Desert Blooms, by MindSprung, Acrylic on Canvas, 2025 ",desert blooms mindsprung acrylic canvas,True,0,art,0,0,0,0,0,0
1kzoni8,"Perspective, arca_num_ (me), digital, 2025",,images\1kzoni8.jpg,787,2025-05-31T04:39:13+00:00,Art,https://i.redd.it/ibjk2zquq14f1.jpeg,"Perspective, arca_num_ (me), digital, 2025 ",perspective arca_num_ digital,True,1,art,1,1,0,0,0,0
1kzvym8,"Treefrogs of the World, Noah Bounds, Acrylic on Panel, 2022",,images\1kzvym8.jpg,170,2025-05-31T12:30:12+00:00,Art,https://i.redd.it/xgai811w244f1.jpeg,"Treefrogs of the World, Noah Bounds, Acrylic on Panel, 2022 ",treefrogs world noah bounds acrylic panel,True,1,art,0,0,0,0,0,0
1l001hp,"Death idol, ConsistencyCrafts (Me), wood, 2024",,images\1l001hp.jpg,85,2025-05-31T15:39:51+00:00,Art,https://i.redd.it/kfwf23wp054f1.jpeg,"Death idol, ConsistencyCrafts (Me), wood, 2024 ",death idol consistencycrafts wood,True,1,art,2,0,0,0,0,0
1l0c91p,what is this move called?,,images\1l0c91p.jpg,38323,2025-06-01T00:47:03+00:00,cats,https://i.redd.it/xb8z36ncq74f1.jpeg,what is this move called? ,move called,True,1,cats,1,0,1,0,0,0
1l0ptg7,Love this photo of my cat,She loves going to the window and observe the bird's ,images\1l0ptg7.jpg,502,2025-06-01T14:07:48+00:00,cats,https://i.redd.it/hq9vi837pb4f1.jpeg,Love this photo of my cat She loves going to the window and observe the bird's ,love photo cat loves going window observe birds,True,1,cats,1,0,1,0,0,0
1l0jr3t,It‚Äôs FINALLY happened - all 5 of my crew have decided to nap on my bed together.,"I NEVER get all 5 together on the bed. 3, sometimes 4, but never 5. 

There must be a glitch in the matrix.",images\1l0jr3t.jpg,705,2025-06-01T08:11:32+00:00,cats,https://i.redd.it/9uee4b5nx94f1.jpeg,"It‚Äôs FINALLY happened - all 5 of my crew have decided to nap on my bed together. I NEVER get all 5 together on the bed. 3, sometimes 4, but never 5. 

There must be a glitch in the matrix.",finally happened crew decided nap bed together never get together bed sometimes never must glitch matrix,True,1,cats,4,0,1,0,0,0
1l0mkjl,Those who say Dr. cat +1,,images\1l0mkjl.jpg,283,2025-06-01T11:20:29+00:00,cats,https://i.redd.it/0chsys1dva4f1.jpeg,Those who say Dr. cat +1 ,say dr cat,True,1,cats,2,0,0,0,0,0
1l0e3hh,I introduce you to Boba,,images\1l0e3hh.jpg,1290,2025-06-01T02:27:58+00:00,cats,https://i.redd.it/8l7ntmpc884f1.jpeg,I introduce you to Boba ,introduce boba,True,1,cats,1,0,1,0,0,0
1l0gpse,Do ALL your cats follow you to the toilet or are mine just extra clingy?,,images\1l0gpse.jpg,703,2025-06-01T04:54:59+00:00,cats,https://i.redd.it/58k2n91ly84f1.jpeg,Do ALL your cats follow you to the toilet or are mine just extra clingy? ,cats follow toilet mine extra clingy,True,1,cats,3,0,1,1,0,0
1l099i4,This picture needs a good caption!,,images\1l099i4.jpg,2141,2025-05-31T22:22:01+00:00,cats,https://i.redd.it/8uy6ai5h074f1.jpeg,This picture needs a good caption! ,picture needs good caption,True,1,cats,2,0,1,0,0,0
1l0n0px,Is he being affectionate or does he just think I'm a couch ?,,images\1l0n0px.jpg,170,2025-06-01T11:47:31+00:00,cats,https://i.redd.it/f27pubqqwa4f1.jpeg,Is he being affectionate or does he just think I'm a couch ? ,affectionate think im couch,True,1,cats,4,1,1,0,0,0
1l0dm36,Happy birthday to my baby! I love him so much,,images\1l0dm36.jpg,996,2025-06-01T02:01:21+00:00,cats,https://i.redd.it/t4etx9dl384f1.jpeg,Happy birthday to my baby! I love him so much ,happy birthday baby love much,True,1,cats,1,0,1,0,0,0
1l0pbni,Happy birthday to my 5 year old daughter,,images\1l0pbni.jpg,91,2025-06-01T13:45:13+00:00,cats,https://i.redd.it/eyfi8lo6lb4f1.jpeg,Happy birthday to my 5 year old daughter ,happy birthday year old daughter,True,1,cats,1,0,1,0,0,0
1l0l1vs,Feral Cat in Guangzhou,China,images\1l0l1vs.jpg,164,2025-06-01T09:41:41+00:00,cats,https://i.redd.it/gw8es27mda4f1.jpeg,Feral Cat in Guangzhou China,feral cat guangzhou china,True,1,cats,1,0,1,0,0,0
1l0hfc6,My Lady ‚ô•Ô∏è,,images\1l0hfc6.jpg,305,2025-06-01T05:38:17+00:00,cats,https://i.redd.it/94dcvnya694f1.jpeg,My Lady ‚ô•Ô∏è ,lady,True,1,cats,2,0,1,0,0,0
1l02rdo,My cat sleeps.on my every morning while I drink my coffee before work,She demands it every day and looks up and meows at me if I don't pick her up and place her üò∏,images\1l02rdo.jpg,2092,2025-05-31T17:35:19+00:00,cats,https://i.redd.it/gcysm7kbl54f1.jpeg,My cat sleeps.on my every morning while I drink my coffee before work She demands it every day and looks up and meows at me if I don't pick her up and place her üò∏,cat sleepson every morning drink coffee work demands every day looks meows dont pick place,True,1,cats,6,0,1,0,0,0
1l05m0s,"went in to petsmart to get catfood, walked out with a kitten",,images\1l05m0s.jpg,1303,2025-05-31T19:38:14+00:00,cats,https://i.redd.it/6v4kfy29764f1.jpeg,"went in to petsmart to get catfood, walked out with a kitten ",went petsmart get catfood walked kitten,True,1,cats,2,0,1,0,0,0
1l0nef7,Majestic Kitty,Picture of,images\1l0nef7.jpg,55,2025-06-01T12:08:49+00:00,cats,https://i.redd.it/z0ol2kgz3b4f1.jpeg,Majestic Kitty Picture of,majestic kitty picture,True,0,cats,2,0,1,0,0,0
1l0m83f,My baby boi sleeping on the sun,,images\1l0m83f.jpg,63,2025-06-01T10:59:44+00:00,cats,https://i.redd.it/5hynfsnnra4f1.png,My baby boi sleeping on the sun ,baby boi sleeping sun,True,0,cats,1,0,1,0,0,0
1l0nu7l,MarineLand Canada‚Äôs stage set has been completely torn down. They‚Äôre never opening again.,,images\1l0nu7l.jpg,6375,2025-06-01T12:31:56+00:00,pics,https://i.redd.it/6lg9daz38b4f1.jpeg,MarineLand Canada‚Äôs stage set has been completely torn down. They‚Äôre never opening again. ,marineland canadas stage set completely torn theyre never opening,True,1,pics,1,0,0,0,0,0
1l0fhcw,[OC] A photo I shot 17 years ago in Times Square.,,images\1l0fhcw.jpg,46161,2025-06-01T03:43:18+00:00,pics,https://i.redd.it/gndd0znsl84f1.jpeg,[OC] A photo I shot 17 years ago in Times Square. ,oc photo shot years ago times square,True,1,pics,9,1,0,0,0,0
1l0ol09,A picture I took whilst walking through Champs-√âlys√©es in Paris,,images\1l0ol09.jpg,2024,2025-06-01T13:09:24+00:00,pics,https://i.redd.it/3wto88kseb4f1.jpeg,A picture I took whilst walking through Champs-√âlys√©es in Paris ,picture took whilst walking champs√©lys√©es paris,True,1,pics,10,1,0,0,1,0
1l0msrb,An Iraqi soldier is paraded through the streets of Fallujah by ISIS before being hanged 2015.,,images\1l0msrb.jpg,1785,2025-06-01T11:34:19+00:00,pics,https://i.redd.it/0ek1pgntxa4f1.jpeg,An Iraqi soldier is paraded through the streets of Fallujah by ISIS before being hanged 2015. ,iraqi soldier paraded streets fallujah isis hanged,True,1,pics,3,1,0,1,0,0
1l0ajws,My daughter is 9 and has this creepy photo on her wall that she refuses to explain.,,images\1l0ajws.jpg,17697,2025-05-31T23:21:53+00:00,pics,https://i.redd.it/ldc1j6n5b74f1.jpeg,My daughter is 9 and has this creepy photo on her wall that she refuses to explain. ,daughter creepy photo wall refuses explain,True,1,pics,1,0,0,0,0,0
1l0nutk,[OC] I risked my camera standing in waist-deep waves for this shot,,images\1l0nutk.jpg,609,2025-06-01T12:32:50+00:00,pics,https://i.redd.it/m97x53a98b4f1.jpeg,[OC] I risked my camera standing in waist-deep waves for this shot ,oc risked camera standing waistdeep waves shot,True,1,pics,0,0,0,0,0,0
1l0f4sl,Across the street from the White House,,images\1l0f4sl.jpg,3285,2025-06-01T03:23:59+00:00,pics,https://i.redd.it/0xjkd5kci84f1.jpeg,Across the street from the White House ,across street white house,True,1,pics,5,1,0,0,0,0
1l04ddg,HHS secretary RFK Jr. drinking raw milk at the White House,,images\1l04ddg.jpg,48360,2025-05-31T18:43:37+00:00,pics,https://i.redd.it/iekxphfix54f1.jpeg,HHS secretary RFK Jr. drinking raw milk at the White House ,hhs secretary rfk jr drinking raw milk white house,True,1,pics,5,1,0,0,0,0
1l0hei3,Bus stop in Scotland,,images\1l0hei3.jpg,1155,2025-06-01T05:36:45+00:00,pics,https://i.redd.it/0v2ei5c1694f1.jpeg,Bus stop in Scotland ,bus stop scotland,True,1,pics,3,0,0,0,1,0
1l0e7xl,Empty Airport at 3am (SLC):,,images\1l0e7xl.jpg,1808,2025-06-01T02:34:40+00:00,pics,https://i.redd.it/ziijy0uj984f1.jpeg,Empty Airport at 3am (SLC): ,empty airport slc,True,1,pics,1,0,0,0,0,0
1l0mglt,(OC) not completely done but look at the difference!,,images\1l0mglt.jpg,326,2025-06-01T11:13:53+00:00,pics,https://i.redd.it/g073rmp6ua4f1.jpeg,(OC) not completely done but look at the difference! ,oc completely done look difference,True,1,pics,4,0,0,0,0,0
1l0r2fp,"The new President of Syria, Ahmed Al-Sharaa, back when he was a leader in al-Qaeda and ISIS in Iraq.",,images\1l0r2fp.jpg,118,2025-06-01T15:02:33+00:00,pics,https://i.redd.it/9i7jcx5zyb4f1.png,"The new President of Syria, Ahmed Al-Sharaa, back when he was a leader in al-Qaeda and ISIS in Iraq. ",new president syria ahmed alsharaa back leader alqaeda isis iraq,True,1,pics,0,0,0,0,0,0
1l06uhj,"Saw this today in my neighborhood, Los Angeles.",,images\1l06uhj.jpg,2380,2025-05-31T20:33:08+00:00,pics,https://i.redd.it/1r34qpk1h64f1.jpeg,"Saw this today in my neighborhood, Los Angeles. ",saw today neighborhood los angeles,True,1,pics,0,0,0,0,0,0
1kzuacu,Elderly Iraqi men are preparing to head into battle after volunteering to fight ISIS 2014.,,images\1kzuacu.jpg,15453,2025-05-31T10:53:09+00:00,pics,https://i.redd.it/1xy0mvhkl34f1.jpeg,Elderly Iraqi men are preparing to head into battle after volunteering to fight ISIS 2014. ,elderly iraqi men preparing head battle volunteering fight isis,True,1,pics,7,1,0,0,1,0
1kzyraw,This hallway in a public library,,images\1kzyraw.jpg,5067,2025-05-31T14:44:41+00:00,pics,https://i.redd.it/tjj73mpvq44f1.jpeg,This hallway in a public library ,hallway public library,True,1,pics,0,0,0,0,0,0
1l0qs2n,[OC] Tokyo at night.,,images\1l0qs2n.jpg,47,2025-06-01T14:50:27+00:00,pics,https://i.redd.it/7fky4ehtwb4f1.jpeg,[OC] Tokyo at night. ,oc tokyo night,True,0,pics,11,1,0,0,0,0
1l0g7u0,"Found an old 35mm slide of the Golden Nugget in Las Vegas circa 1961, taken by my grandfather",,images\1l0g7u0.jpg,201,2025-06-01T04:25:09+00:00,pics,https://i.redd.it/bk4crri9t84f1.jpeg,"Found an old 35mm slide of the Golden Nugget in Las Vegas circa 1961, taken by my grandfather ",found old mm slide golden nugget las vegas circa taken grandfather,True,1,pics,8,1,0,0,1,0
1l0p0ni,Beautiful abandoned house in Arkansas [OC],,images\1l0p0ni.jpg,36,2025-06-01T13:30:35+00:00,pics,https://i.redd.it/wl9cha8gib4f1.jpeg,Beautiful abandoned house in Arkansas [OC] ,beautiful abandoned house arkansas oc,True,0,pics,0,0,0,0,0,0
1kzol6f,"Three children zip-tied at the San Antonio immigration court, ages 9-12",,images\1kzol6f.jpg,102953,2025-05-31T04:35:22+00:00,pics,https://i.redd.it/8j988yc6q14f1.jpeg,"Three children zip-tied at the San Antonio immigration court, ages 9-12 ",three children ziptied san antonio immigration court ages,True,1,pics,9,1,0,0,0,0
1l0pqec,"[OC] Santa Monica, CA",,images\1l0pqec.jpg,24,2025-06-01T14:03:49+00:00,pics,https://i.redd.it/g0hts7udob4f1.png,"[OC] Santa Monica, CA ",oc santa monica ca,True,0,pics,1,1,0,0,0,0
1l0mz46,The sky looked nice at sunset yesterday,,images\1l0mz46.jpg,38,2025-06-01T11:44:49+00:00,pics,https://i.redd.it/iqc1q2apza4f1.jpeg,The sky looked nice at sunset yesterday ,sky looked nice sunset yesterday,True,0,pics,10,0,0,0,1,0
1l0psri,[OC] Mallards are on the fence.,,images\1l0psri.jpg,21,2025-06-01T14:06:53+00:00,pics,https://i.redd.it/vops1is1pb4f1.jpeg,[OC] Mallards are on the fence. ,oc mallards fence,True,0,pics,2,0,0,0,0,0
1l05mxh,the sky & the sea..,,images\1l05mxh.jpg,573,2025-05-31T19:39:22+00:00,pics,https://i.redd.it/4disq4cg764f1.jpeg,the sky & the sea.. ,sky sea,True,1,pics,0,0,0,0,0,0
1l0ozf8,Kaziranga National park OC,,images\1l0ozf8.jpg,16,2025-06-01T13:28:58+00:00,pics,https://i.redd.it/plo3oni9ib4f1.jpeg,Kaziranga National park OC ,kaziranga national park oc,True,0,pics,1,0,0,0,0,0
1l0ragv,[OC] I took a picture of a duck,,images\1l0ragv.jpg,12,2025-06-01T15:11:45+00:00,pics,https://i.redd.it/b8s324bm0c4f1.jpeg,[OC] I took a picture of a duck ,oc took picture duck,True,0,pics,8,0,0,0,0,0
1l0rgp6,Cardinal,,images\1l0rgp6.jpg,11,2025-06-01T15:18:52+00:00,pics,https://i.redd.it/0q9zdj0u1c4f1.jpeg,Cardinal ,cardinal,True,0,pics,2,0,0,0,0,0
1l0g30p,"[OC] Not his first pro choice book, but wasn‚Äôt expecting the new one to surround women‚Äôs rights.",,images\1l0g30p.jpg,75,2025-06-01T04:17:14+00:00,pics,https://i.redd.it/w2brhmbtr84f1.jpeg,"[OC] Not his first pro choice book, but wasn‚Äôt expecting the new one to surround women‚Äôs rights. ",oc first pro choice book wasnt expecting new one surround womens rights,True,0,pics,2,0,0,0,0,0
1l0mxy3,"Fred the cat, just looking [OC]",,images\1l0mxy3.jpg,21,2025-06-01T11:42:53+00:00,pics,https://i.redd.it/0q01bz5cza4f1.jpeg,"Fred the cat, just looking [OC] ",fred cat looking oc,True,0,pics,2,1,1,0,0,0
1l020rg,[OC] NY streets,,images\1l020rg.jpg,580,2025-05-31T17:03:59+00:00,pics,https://i.redd.it/nm6bt83qf54f1.jpeg,[OC] NY streets ,oc ny streets,True,1,pics,4,1,0,0,1,0
1l0nj2m,[OC] I may have found Paddington in Peru - as seen yesterday in Machu Picchu Pueblo,,images\1l0nj2m.jpg,18,2025-06-01T12:15:52+00:00,pics,https://i.redd.it/loq0akq85b4f1.jpeg,[OC] I may have found Paddington in Peru - as seen yesterday in Machu Picchu Pueblo ,oc may found paddington peru seen yesterday machu picchu pueblo,True,0,pics,6,1,0,0,0,0
1l0o6sz,"Figures, Acrylics",,images\1l0o6sz.jpg,15,2025-06-01T12:50:05+00:00,pics,https://i.redd.it/inie6mhcbb4f1.jpeg,"Figures, Acrylics ",figures acrylics,True,0,pics,0,0,0,0,0,0
1kzkw8r,My first ever favorite bumper sticker,,images\1kzkw8r.jpg,12308,2025-05-31T01:12:49+00:00,pics,https://i.redd.it/rxapgee0q04f1.jpeg,My first ever favorite bumper sticker ,first ever favorite bumper sticker,True,1,pics,0,0,0,0,0,0
1l0ra4v,Everyone needs fresh air,,images\1l0ra4v.jpg,9,2025-06-01T15:11:21+00:00,pics,https://i.redd.it/6l353cuj0c4f1.jpeg,Everyone needs fresh air ,everyone needs fresh air,True,0,pics,0,0,0,0,0,0
1l0ohk3,[OC] Bumblebee working on a flower,,images\1l0ohk3.jpg,14,2025-06-01T13:04:43+00:00,pics,https://i.redd.it/ekgsd3bydb4f1.jpeg,[OC] Bumblebee working on a flower ,oc bumblebee working flower,True,0,pics,2,0,0,0,0,1
1kzy5nr,[OC] Bicycle path in the Netherlands at 22:30 in the evening,,images\1kzy5nr.jpg,821,2025-05-31T14:17:41+00:00,pics,https://i.redd.it/2jk60ab2m44f1.jpeg,[OC] Bicycle path in the Netherlands at 22:30 in the evening ,oc bicycle path netherlands evening,True,1,pics,0,0,0,0,0,0
1l0crgb,I took this photo of a dew drop a few years ago.  One of my favorite shots OC,,images\1l0crgb.jpg,112,2025-06-01T01:14:52+00:00,pics,https://i.redd.it/7nwb2f3av74f1.jpeg,I took this photo of a dew drop a few years ago.  One of my favorite shots OC ,took photo dew drop years ago one favorite shots oc,True,1,pics,0,0,0,0,0,0
1l0rexx,This is Not the Moon.,,images\1l0rexx.jpg,8,2025-06-01T15:16:51+00:00,pics,https://i.redd.it/76u9ip4j1c4f1.jpeg,This is Not the Moon. ,moon,True,0,pics,3,1,0,0,0,0
1l0oruu,I captured these two birds.,,images\1l0oruu.jpg,12,2025-06-01T13:18:44+00:00,pics,https://i.redd.it/hngyqdhggb4f1.jpeg,I captured these two birds. ,captured two birds,True,0,pics,1,0,0,0,0,0
1l0eoq8,Behold! The cutest picture I‚Äôve ever taken.,,images\1l0eoq8.jpg,74,2025-06-01T03:00:02+00:00,pics,https://i.redd.it/a34qq8porg1f1.jpeg,Behold! The cutest picture I‚Äôve ever taken. ,behold cutest picture ive ever taken,True,0,pics,2,0,0,1,0,0
1l0g0gl,Beautiful snowscape ‚ùÑÔ∏è‚ùÑÔ∏è,,images\1l0g0gl.jpg,52,2025-06-01T04:13:06+00:00,pics,https://i.redd.it/t4sma7v3r84f1.jpeg,Beautiful snowscape ‚ùÑÔ∏è‚ùÑÔ∏è ,beautiful snowscape,True,0,pics,0,0,0,0,0,0
1l0mtcq,[OC] Iris flowers are blooming,,images\1l0mtcq.jpg,12,2025-06-01T11:35:21+00:00,pics,https://i.redd.it/lf5n93i0ya4f1.jpeg,[OC] Iris flowers are blooming ,oc iris flowers blooming,True,0,pics,0,0,0,0,0,0
1l0qrug,"[OC] Goa, India",,images\1l0qrug.jpg,7,2025-06-01T14:50:11+00:00,pics,https://i.redd.it/bqp8kiurwb4f1.jpeg,"[OC] Goa, India ",oc goa india,True,0,pics,1,0,0,0,0,0
1l0orqq,"Paris, near the stadium",,images\1l0orqq.jpg,9,2025-06-01T13:18:35+00:00,pics,https://i.redd.it/48fqlmhfgb4f1.jpeg,"Paris, near the stadium ",paris near stadium,True,0,pics,0,0,0,0,0,0
